event_id,jenis,nama_kejadian,wilayah,alias_wilayah,tanggal_kejadian,tanggal_mulai,tanggal_selesai,dampak,sumber,pilot,tujuan_uji,urutan_crawl
BJ01,banjir,Banjir bandang Maninjau,Sumatera Barat,Sumbar;Agam;Maninjau,2026-01-01,2025-12-31,2026-01-15,"200 mengungsi, 40 rumah terdampak",https://en.wikipedia.org/wiki/2026_in_Indonesia,False,,
BJ02,banjir,Banjir bandang Sitaro,Sulawesi Utara,Sulut;Kepulauan Siau Tagulandang Biaro;Sitaro;Siau,2026-01-05,2026-01-04,2026-01-19,≥16 meninggal,https://bnpb.go.id/berita/update-banjir-bandang-sitaro-korban-meninggal-jadi-16-orang,False,,
GP01,gempa,"Gempa M6,4 Talaud",Sulawesi Utara,Sulut;Kepulauan Talaud;Talaud,2026-01-11,2026-01-10,2026-01-25,14 bangunan rusak,https://en.wikipedia.org/wiki/2026_in_Indonesia,False,,
BJ03,banjir,"Banjir Jawa Tengah (Batang, Pati, Magelang, dll.)",Jawa Tengah,Jateng;Batang;Pati;Magelang;Kudus;Demak;Semarang,2026-01-16,2026-01-15,2026-01-30,banjir meluas 16–18 Jan,https://www.cnnindonesia.com/nasional/20260118135148-20-1318187/banjir-menyebar-di-jateng-16-18-januari-batang-pati-hingga-magelang,True,banyak banjir kecil bersamaan lintas kabupaten (uji konsolidasi tersulit),5
BJ04,banjir,Banjir Jakarta Januari,DKI Jakarta,Jakarta;Jaktim;Jakarta Timur;Jaksel;Jakarta Selatan;Jakbar;Jakarta Barat;Jakut;Jakarta Utara,2026-01-18,2026-01-17,2026-02-01,"puluhan RT tergenang, ribuan mengungsi",https://news.detik.com/berita/d-8313127/fakta-fakta-banjir-jakarta-18-januari-2026,False,,
BJ05,banjir,Banjir bandang lereng Gunung Slamet,Jawa Tengah,Jateng;Tegal;Brebes;Pemalang;Banyumas;Purbalingga;Gunung Slamet,2026-01-24,2026-01-23,2026-02-07,"≥2 meninggal, jembatan hanyut",https://mongabay.co.id/2026/01/27/banjir-bandang-terjang-lima-kabupaten-di-kaki-gunung-slamet/,False,,
LS01,longsor,Longsor Pasirlangu Bandung Barat,Jawa Barat,Jabar;Bandung Barat;KBB;Cisarua;Pasirlangu;Pasir Langu,2026-01-24,2026-01-23,2026-02-07,±74 meninggal,https://en.wikipedia.org/wiki/2026_West_Bandung_landslide,True,"satu kabupaten, lokasi sampai desa (uji resolusi L3)",3
GP02,gempa,"Gempa M5,8 Pacitan",Jawa Timur,Jatim;Pacitan,2026-02-05,2026-02-04,2026-02-19,"1 meninggal, 47 luka",https://en.wikipedia.org/wiki/2026_in_Indonesia,False,,
GP03,gempa,"Gempa M7,3/7,4 Laut Maluku + tsunami kecil",Maluku Utara,Malut;Sulut;Sulawesi Utara;Gorontalo;Bitung;Minahasa Utara;Kepulauan Batang Dua;Ternate;Manado,2026-04-02,2026-04-01,2026-04-16,"1 meninggal, >450 bangunan rusak, tsunami 75 cm",https://en.wikipedia.org/wiki/2026_North_Maluku_earthquake,False,,
GP04,gempa,"Gempa M4,9 NTT",Nusa Tenggara Timur,NTT,2026-04-08,2026-04-07,2026-04-22,18 luka (lokasi kabupaten belum dicek),https://en.wikipedia.org/wiki/2026_in_Indonesia,False,,
ER01,erupsi,Erupsi Dukono,Maluku Utara,Malut;Halmahera Utara;Gunung Dukono;Dukono,2026-05-08,2026-05-07,2026-05-22,3 pendaki meninggal,https://en.wikipedia.org/wiki/2026_in_Indonesia,False,,
GP05,gempa,"Gempa M6,7 Sulawesi Tengah",Sulawesi Tengah,Sulteng;Palu;Sigi;Donggala,2026-06-16,2026-06-15,2026-06-30,"3 meninggal, ±6.458 jiwa terdampak, tanggap darurat",https://www.bmkg.go.id/gempabumi/20260616103010,True,kejadian menengah 4 kabupaten; pembanding skala GP07,4
KK01,kekeringan,Kekeringan DIY,DI Yogyakarta,DIY;Yogyakarta;Gunungkidul;Bantul;Sleman,2026-07-01,2026-07-01,2026-08-31,siaga darurat kekeringan,https://bpbd.jogjaprov.go.id/berita/kabupaten-bantul-dan-gunungkidul-tetapkan-status-siaga-darurat-kekeringan-2026,True,kekeringan panjang satu provinsi (crawl tanpa filter daerah),12
KK02,kekeringan,Kekeringan Jawa Timur,Jawa Timur,Jatim;Jember;Blitar,2026-07-01,2026-07-01,2026-09-30,siaga/tanggap darurat kekeringan; 19 daerah terancam,https://www.harianjatim.com/2026/08/07/kekeringan-mengancam-19-daerah-di-jawa-timur-krisis-air-bersih-mulai-mengintai/,True,kekeringan panjang satu provinsi (crawl tanpa filter daerah),13
GP06,gempa,"Gempa M5,1 Sulawesi Tengah",Sulawesi Tengah,Sulteng,2026-07-12,2026-07-11,2026-07-26,1 meninggal (lokasi kabupaten belum dicek),https://en.wikipedia.org/wiki/2026_in_Indonesia,False,,
KH01,karhutla,Karhutla Riau,Riau,Riau;Pekanbaru;Pelalawan;Siak;Bengkalis;Rokan Hilir,2026-08-01,2026-08-01,2026-09-30,siaga darurat (10 Agt),https://periskop.id/nasional/20260810/pemerintah-tetapkan-6-provinsi-siaga-darurat-karhutla,False,,
KH02,karhutla,Karhutla Jambi,Jambi,Jambi;Muaro Jambi;Tanjung Jabung,2026-08-01,2026-08-01,2026-09-30,siaga darurat,https://periskop.id/nasional/20260810/pemerintah-tetapkan-6-provinsi-siaga-darurat-karhutla,False,,
KH03,karhutla,Karhutla Sumatera Selatan,Sumatera Selatan,Sumsel;Palembang;Ogan Komering Ilir;OKI;Ogan Ilir;Banyuasin,2026-08-01,2026-08-01,2026-09-30,siaga darurat,https://periskop.id/nasional/20260810/pemerintah-tetapkan-6-provinsi-siaga-darurat-karhutla,False,,
KH04,karhutla,Karhutla Kalimantan Barat,Kalimantan Barat,Kalbar;Pontianak;Kubu Raya;Ketapang;Kayong Utara,2026-08-01,2026-08-01,2026-09-30,siaga darurat; 38.310 ha per 21 Agt,https://periskop.id/nasional/20260821/karhutla-kalbar-tembus-38310-hektare-lampaui-total-sepanjang-2025,False,,
KH05,karhutla,Karhutla Kalimantan Tengah,Kalimantan Tengah,Kalteng;Palangka Raya;Kotawaringin Barat;Kobar;Kotawaringin Timur;Kotim;Pulang Pisau;Kapuas,2026-08-01,2026-08-31,2026-09-14,dipersempit ke masa tanggap darurat (31 Agt–14 Sep) untuk pilot,https://regional.kompas.com/read/2026/08/31/220028578/kalteng-resmi-tetapkan-status-tanggap-darurat-karhutla-berlaku-30-hari,True,"bencana berlangsung lama, banyak lokasi kecil",6
KH06,karhutla,Karhutla Kalimantan Selatan,Kalimantan Selatan,Kalsel;Banjarmasin;Banjarbaru;Banjar;Tapin,2026-08-01,2026-08-01,2026-09-30,siaga darurat; 595 ha per 21 Agt,https://atnews.id/portal/news/33407/waspada-bencana-gempa-ntt-karhutla-hingga-krisis-air-melanda-agustus-2026,False,,
GP07,gempa,"Gempa M7,7 Flores",Nusa Tenggara Timur,NTT;Flores;Ende;Manggarai;Manggarai Timur;Manggarai Barat;Nagekeo;Sikka;Ngada;Bima,2026-08-15,2026-08-14,2026-08-29,"±111–135 meninggal, ±95 ribu rumah rusak",https://en.wikipedia.org/wiki/2026_Flores_earthquake,True,kejadian besar lintas 11 kabupaten; relasi pengungsian/kebutuhan terkaya,1
GP08,gempa,"Gempa M5,9 Sulawesi Tengah",Sulawesi Tengah,Sulteng,2026-08-16,2026-08-15,2026-08-30,1 meninggal (lokasi kabupaten belum dicek),https://en.wikipedia.org/wiki/2026_in_Indonesia,False,,
ER02,erupsi,Erupsi Ibu,Maluku Utara,Malut;Halmahera Barat;Gunung Ibu,2026-08-18,2026-08-17,2026-09-01,erupsi beruntun (3 gunung dalam 3 jam),https://en.wikipedia.org/wiki/2026_in_Indonesia,False,,
ER03,erupsi,Erupsi Lewotobi Laki-laki,Nusa Tenggara Timur,NTT;Flores Timur;Lewotobi,2026-08-18,2026-08-17,2026-09-01,status Siaga (Level III),https://www.cnbcindonesia.com/news/20260909072829-4-766368/daftar-11-gunung-api-di-ri-yang-erupsi-sepanjang-2026,True,tumpang tindih waktu & pulau dengan GP07 (uji pembedaan kejadian),2
ER04,erupsi,Erupsi Semeru,Jawa Timur,Jatim;Lumajang;Malang;Semeru,2026-08-18,2026-08-17,2026-09-01,"status Siaga (Level III), awan panas",https://www.cnbcindonesia.com/news/20260909072829-4-766368/daftar-11-gunung-api-di-ri-yang-erupsi-sepanjang-2026,False,,
ER05,erupsi,Erupsi Sinabung,Sumatera Utara,Sumut;Karo;Tanah Karo;Sinabung,2026-08-31,2026-08-30,2026-09-14,"naik Siaga (Level III), warga mengungsi",https://orbitdigitaldaily.com/tingkat-aktivitas-gunung-api-sinabung-saat-ini-level-iii-siaga-sejak-31-agustus-2026/,False,,
ER06,erupsi,Erupsi Anak Krakatau,Lampung,Lampung;Lampung Selatan;Selat Sunda;Banten;Anak Krakatau;Krakatau,2026-09-04,2026-09-03,2026-09-18,"status Siaga, gangguan penerbangan",https://en.wikipedia.org/wiki/2026_in_Indonesia,False,,
KH07,karhutla,Kebakaran kawasan Ijen,Jawa Timur,Jatim;Banyuwangi;Bondowoso;Ijen,2026-09-04,2026-09-03,2026-09-18,status darurat,https://en.wikipedia.org/wiki/2026_in_Indonesia,False,,
CE01,cuaca_ekstrem,Cuaca ekstrem Sumenep,Jawa Timur,Jatim;Sumenep;Madura,2026-02-01,2026-01-31,2026-02-14,"6 luka, 31 rumah rusak berat, 910 menderita/mengungsi",DIBI BNPB 2026,True,cuaca ekstrem terbesar DIBI (dampak orang),7
CE02,cuaca_ekstrem,Cuaca ekstrem Subang,Jawa Barat,Jabar;Subang,2026-04-10,2026-04-09,2026-04-23,"22 rumah rusak berat, 444 menderita/mengungsi",DIBI BNPB 2026,True,cuaca ekstrem Jawa (wilayah padat pengguna X),8
CE03,cuaca_ekstrem,Cuaca ekstrem Halmahera Selatan,Maluku Utara,Malut;Halmahera Selatan;Halsel,2026-04-14,2026-04-13,2026-04-27,"20 rumah rusak berat, 2.305 menderita/mengungsi",DIBI BNPB 2026,True,cuaca ekstrem luar Jawa dengan pengungsi terbanyak,9
CE04,cuaca_ekstrem,Cuaca ekstrem Aceh Utara,Aceh,Aceh;Aceh Utara;Lhokseumawe,2026-06-02,2026-06-01,2026-06-15,"22 rumah rusak berat, 290 menderita/mengungsi",DIBI BNPB 2026,True,cuaca ekstrem Sumatera,10
CE05,cuaca_ekstrem,Cuaca ekstrem Serdang Bedagai,Sumatera Utara,Sumut;Serdang Bedagai;Sergai,2026-06-04,2026-06-03,2026-06-17,"20 rumah rusak berat, 385 menderita/mengungsi",DIBI BNPB 2026,True,berdekatan waktu dengan CE04 (uji pembedaan kejadian),11
